image_id,file_path,label,class_name,readable,width,height,channels,mean_pixel,pixel_std,file_hash,usable,notes
confident_0010,D:\MSc Data and Computational Science\Gravitational Lensing\Gravitational_Lensing_Project\projects-ahana-vaishnav-ahanabhattacharji-Strong-Gravitational-Lens-Finding-Challenge\Real Data pipeline\data\raw\lens\confident_0010.jpg,1,lens,1,128,128,3,32.0,0.0,b9fc26ac0c130027cdcfd02ec79df1f0d3e8077e7e2a8e576c1d9c237539b4f9,1,
confident_0118,D:\MSc Data and Computational Science\Gravitational Lensing\Gravitational_Lensing_Project\projects-ahana-vaishnav-ahanabhattacharji-Strong-Gravitational-Lens-Finding-Challenge\Real Data pipeline\data\raw\lens\confident_0118.jpg,1,lens,1,128,128,3,32.0,0.0,b9fc26ac0c130027cdcfd02ec79df1f0d3e8077e7e2a8e576c1d9c237539b4f9,1,
confident_0198,D:\MSc Data and Computational Science\Gravitational Lensing\Gravitational_Lensing_Project\projects-ahana-vaishnav-ahanabhattacharji-Strong-Gravitational-Lens-Finding-Challenge\Real Data pipeline\data\raw\lens\confident_0198.jpg,1,lens,1,128,128,3,32.0,0.0,b9fc26ac0c130027cdcfd02ec79df1f0d3e8077e7e2a8e576c1d9c237539b4f9,1,
confident_0250,D:\MSc Data and Computational Science\Gravitational Lensing\Gravitational_Lensing_Project\projects-ahana-vaishnav-ahanabhattacharji-Strong-Gravitational-Lens-Finding-Challenge\Real Data pipeline\data\raw\lens\confident_0250.jpg,1,lens,1,128,128,3,32.0,0.0,b9fc26ac0c130027cdcfd02ec79df1f0d3e8077e7e2a8e576c1d9c237539b4f9,1,
confident_0251,D:\MSc Data and Computational Science\Gravitational Lensing\Gravitational_Lensing_Project\projects-ahana-vaishnav-ahanabhattacharji-Strong-Gravitational-Lens-Finding-Challenge\Real Data pipeline\data\raw\lens\confident_0251.jpg,1,lens,1,128,128,3,32.0,0.0,b9fc26ac0c130027cdcfd02ec79df1f0d3e8077e7e2a8e576c1d9c237539b4f9,1,
confident_0255,D:\MSc Data and Computational Science\Gravitational Lensing\Gravitational_Lensing_Project\projects-ahana-vaishnav-ahanabhattacharji-Strong-Gravitational-Lens-Finding-Challenge\Real Data pipeline\data\raw\lens\confident_0255.jpg,1,lens,1,128,128,3,32.0,0.0,b9fc26ac0c130027cdcfd02ec79df1f0d3e8077e7e2a8e576c1d9c237539b4f9,1,
confident_0274,D:\MSc Data and Computational Science\Gravitational Lensing\Gravitational_Lensing_Project\projects-ahana-vaishnav-ahanabhattacharji-Strong-Gravitational-Lens-Finding-Challenge\Real Data pipeline\data\raw\lens\confident_0274.jpg,1,lens,1,128,128,3,32.0,0.0,b9fc26ac0c130027cdcfd02ec79df1f0d3e8077e7e2a8e576c1d9c237539b4f9,1,
confident_0307,D:\MSc Data and Computational Science\Gravitational Lensing\Gravitational_Lensing_Project\projects-ahana-vaishnav-ahanabhattacharji-Strong-Gravitational-Lens-Finding-Challenge\Real Data pipeline\data\raw\lens\confident_0307.jpg,1,lens,1,128,128,3,32.0,0.0,b9fc26ac0c130027cdcfd02ec79df1f0d3e8077e7e2a8e576c1d9c237539b4f9,1,
confident_0313,D:\MSc Data and Computational Science\Gravitational Lensing\Gravitational_Lensing_Project\projects-ahana-vaishnav-ahanabhattacharji-Strong-Gravitational-Lens-Finding-Challenge\Real Data pipeline\data\raw\lens\confident_0313.jpg,1,lens,1,128,128,3,32.0,0.0,b9fc26ac0c130027cdcfd02ec79df1f0d3e8077e7e2a8e576c1d9c237539b4f9,1,
confident_0439,D:\MSc Data and Computational Science\Gravitational Lensing\Gravitational_Lensing_Project\projects-ahana-vaishnav-ahanabhattacharji-Strong-Gravitational-Lens-Finding-Challenge\Real Data pipeline\data\raw\lens\confident_0439.jpg,1,lens,1,128,128,3,32.0,0.0,b9fc26ac0c130027cdcfd02ec79df1f0d3e8077e7e2a8e576c1d9c237539b4f9,1,
confident_0442,D:\MSc Data and Computational Science\Gravitational Lensing\Gravitational_Lensing_Project\projects-ahana-vaishnav-ahanabhattacharji-Strong-Gravitational-Lens-Finding-Challenge\Real Data pipeline\data\raw\lens\confident_0442.jpg,1,lens,1,128,128,3,32.0,0.0,b9fc26ac0c130027cdcfd02ec79df1f0d3e8077e7e2a8e576c1d9c237539b4f9,1,
confident_0478,D:\MSc Data and Computational Science\Gravitational Lensing\Gravitational_Lensing_Project\projects-ahana-vaishnav-ahanabhattacharji-Strong-Gravitational-Lens-Finding-Challenge\Real Data pipeline\data\raw\lens\confident_0478.jpg,1,lens,1,128,128,3,32.0,0.0,b9fc26ac0c130027cdcfd02ec79df1f0d3e8077e7e2a8e576c1d9c237539b4f9,1,
confident_0487,D:\MSc Data and Computational Science\Gravitational Lensing\Gravitational_Lensing_Project\projects-ahana-vaishnav-ahanabhattacharji-Strong-Gravitational-Lens-Finding-Challenge\Real Data pipeline\data\raw\lens\confident_0487.jpg,1,lens,1,128,128,3,32.0,0.0,b9fc26ac0c130027cdcfd02ec79df1f0d3e8077e7e2a8e576c1d9c237539b4f9,1,
confident_0492,D:\MSc Data and Computational Science\Gravitational Lensing\Gravitational_Lensing_Project\projects-ahana-vaishnav-ahanabhattacharji-Strong-Gravitational-Lens-Finding-Challenge\Real Data pipeline\data\raw\lens\confident_0492.jpg,1,lens,1,128,128,3,32.0,0.0,b9fc26ac0c130027cdcfd02ec79df1f0d3e8077e7e2a8e576c1d9c237539b4f9,1,
confident_0509,D:\MSc Data and Computational Science\Gravitational Lensing\Gravitational_Lensing_Project\projects-ahana-vaishnav-ahanabhattacharji-Strong-Gravitational-Lens-Finding-Challenge\Real Data pipeline\data\raw\lens\confident_0509.jpg,1,lens,1,128,128,3,32.0,0.0,b9fc26ac0c130027cdcfd02ec79df1f0d3e8077e7e2a8e576c1d9c237539b4f9,1,
confident_0527,D:\MSc Data and Computational Science\Gravitational Lensing\Gravitational_Lensing_Project\projects-ahana-vaishnav-ahanabhattacharji-Strong-Gravitational-Lens-Finding-Challenge\Real Data pipeline\data\raw\lens\confident_0527.jpg,1,lens,1,128,128,3,32.0,0.0,b9fc26ac0c130027cdcfd02ec79df1f0d3e8077e7e2a8e576c1d9c237539b4f9,1,
confident_0570,D:\MSc Data and Computational Science\Gravitational Lensing\Gravitational_Lensing_Project\projects-ahana-vaishnav-ahanabhattacharji-Strong-Gravitational-Lens-Finding-Challenge\Real Data pipeline\data\raw\lens\confident_0570.jpg,1,lens,1,128,128,3,32.0,0.0,b9fc26ac0c130027cdcfd02ec79df1f0d3e8077e7e2a8e576c1d9c237539b4f9,1,
confident_0718,D:\MSc Data and Computational Science\Gravitational Lensing\Gravitational_Lensing_Project\projects-ahana-vaishnav-ahanabhattacharji-Strong-Gravitational-Lens-Finding-Challenge\Real Data pipeline\data\raw\lens\confident_0718.jpg,1,lens,1,128,128,3,32.0,0.0,b9fc26ac0c130027cdcfd02ec79df1f0d3e8077e7e2a8e576c1d9c237539b4f9,1,
confident_0747,D:\MSc Data and Computational Science\Gravitational Lensing\Gravitational_Lensing_Project\projects-ahana-vaishnav-ahanabhattacharji-Strong-Gravitational-Lens-Finding-Challenge\Real Data pipeline\data\raw\lens\confident_0747.jpg,1,lens,1,128,128,3,32.0,0.0,b9fc26ac0c130027cdcfd02ec79df1f0d3e8077e7e2a8e576c1d9c237539b4f9,1,
confident_0808,D:\MSc Data and Computational Science\Gravitational Lensing\Gravitational_Lensing_Project\projects-ahana-vaishnav-ahanabhattacharji-Strong-Gravitational-Lens-Finding-Challenge\Real Data pipeline\data\raw\lens\confident_0808.jpg,1,lens,1,128,128,3,32.0,0.0,b9fc26ac0c130027cdcfd02ec79df1f0d3e8077e7e2a8e576c1d9c237539b4f9,1,
confident_0810,D:\MSc Data and Computational Science\Gravitational Lensing\Gravitational_Lensing_Project\projects-ahana-vaishnav-ahanabhattacharji-Strong-Gravitational-Lens-Finding-Challenge\Real Data pipeline\data\raw\lens\confident_0810.jpg,1,lens,1,128,128,3,32.0,0.0,b9fc26ac0c130027cdcfd02ec79df1f0d3e8077e7e2a8e576c1d9c237539b4f9,1,
confident_0823,D:\MSc Data and Computational Science\Gravitational Lensing\Gravitational_Lensing_Project\projects-ahana-vaishnav-ahanabhattacharji-Strong-Gravitational-Lens-Finding-Challenge\Real Data pipeline\data\raw\lens\confident_0823.jpg,1,lens,1,128,128,3,32.0,0.0,b9fc26ac0c130027cdcfd02ec79df1f0d3e8077e7e2a8e576c1d9c237539b4f9,1,
confident_0837,D:\MSc Data and Computational Science\Gravitational Lensing\Gravitational_Lensing_Project\projects-ahana-vaishnav-ahanabhattacharji-Strong-Gravitational-Lens-Finding-Challenge\Real Data pipeline\data\raw\lens\confident_0837.jpg,1,lens,1,128,128,3,32.0,0.0,b9fc26ac0c130027cdcfd02ec79df1f0d3e8077e7e2a8e576c1d9c237539b4f9,1,
confident_0838,D:\MSc Data and Computational Science\Gravitational Lensing\Gravitational_Lensing_Project\projects-ahana-vaishnav-ahanabhattacharji-Strong-Gravitational-Lens-Finding-Challenge\Real Data pipeline\data\raw\lens\confident_0838.jpg,1,lens,1,128,128,3,32.0,0.0,b9fc26ac0c130027cdcfd02ec79df1f0d3e8077e7e2a8e576c1d9c237539b4f9,1,
confident_0888,D:\MSc Data and Computational Science\Gravitational Lensing\Gravitational_Lensing_Project\projects-ahana-vaishnav-ahanabhattacharji-Strong-Gravitational-Lens-Finding-Challenge\Real Data pipeline\data\raw\lens\confident_0888.jpg,1,lens,1,128,128,3,32.0,0.0,b9fc26ac0c130027cdcfd02ec79df1f0d3e8077e7e2a8e576c1d9c237539b4f9,1,
confident_1028,D:\MSc Data and Computational Science\Gravitational Lensing\Gravitational_Lensing_Project\projects-ahana-vaishnav-ahanabhattacharji-Strong-Gravitational-Lens-Finding-Challenge\Real Data pipeline\data\raw\lens\confident_1028.jpg,1,lens,1,128,128,3,32.0,0.0,b9fc26ac0c130027cdcfd02ec79df1f0d3e8077e7e2a8e576c1d9c237539b4f9,1,
confident_1060,D:\MSc Data and Computational Science\Gravitational Lensing\Gravitational_Lensing_Project\projects-ahana-vaishnav-ahanabhattacharji-Strong-Gravitational-Lens-Finding-Challenge\Real Data pipeline\data\raw\lens\confident_1060.jpg,1,lens,1,128,128,3,32.0,0.0,b9fc26ac0c130027cdcfd02ec79df1f0d3e8077e7e2a8e576c1d9c237539b4f9,1,
confident_1171,D:\MSc Data and Computational Science\Gravitational Lensing\Gravitational_Lensing_Project\projects-ahana-vaishnav-ahanabhattacharji-Strong-Gravitational-Lens-Finding-Challenge\Real Data pipeline\data\raw\lens\confident_1171.jpg,1,lens,1,128,128,3,32.0,0.0,b9fc26ac0c130027cdcfd02ec79df1f0d3e8077e7e2a8e576c1d9c237539b4f9,1,
confident_1399,D:\MSc Data and Computational Science\Gravitational Lensing\Gravitational_Lensing_Project\projects-ahana-vaishnav-ahanabhattacharji-Strong-Gravitational-Lens-Finding-Challenge\Real Data pipeline\data\raw\lens\confident_1399.jpg,1,lens,1,128,128,3,32.0,0.0,b9fc26ac0c130027cdcfd02ec79df1f0d3e8077e7e2a8e576c1d9c237539b4f9,1,
confident_1520,D:\MSc Data and Computational Science\Gravitational Lensing\Gravitational_Lensing_Project\projects-ahana-vaishnav-ahanabhattacharji-Strong-Gravitational-Lens-Finding-Challenge\Real Data pipeline\data\raw\lens\confident_1520.jpg,1,lens,1,128,128,3,32.0,0.0,b9fc26ac0c130027cdcfd02ec79df1f0d3e8077e7e2a8e576c1d9c237539b4f9,1,
confident_1555,D:\MSc Data and Computational Science\Gravitational Lensing\Gravitational_Lensing_Project\projects-ahana-vaishnav-ahanabhattacharji-Strong-Gravitational-Lens-Finding-Challenge\Real Data pipeline\data\raw\lens\confident_1555.jpg,1,lens,1,128,128,3,32.0,0.0,b9fc26ac0c130027cdcfd02ec79df1f0d3e8077e7e2a8e576c1d9c237539b4f9,1,
confident_1560,D:\MSc Data and Computational Science\Gravitational Lensing\Gravitational_Lensing_Project\projects-ahana-vaishnav-ahanabhattacharji-Strong-Gravitational-Lens-Finding-Challenge\Real Data pipeline\data\raw\lens\confident_1560.jpg,1,lens,1,128,128,3,32.0,0.0,b9fc26ac0c130027cdcfd02ec79df1f0d3e8077e7e2a8e576c1d9c237539b4f9,1,
confident_1603,D:\MSc Data and Computational Science\Gravitational Lensing\Gravitational_Lensing_Project\projects-ahana-vaishnav-ahanabhattacharji-Strong-Gravitational-Lens-Finding-Challenge\Real Data pipeline\data\raw\lens\confident_1603.jpg,1,lens,1,128,128,3,32.0,0.0,b9fc26ac0c130027cdcfd02ec79df1f0d3e8077e7e2a8e576c1d9c237539b4f9,1,
confident_1617,D:\MSc Data and Computational Science\Gravitational Lensing\Gravitational_Lensing_Project\projects-ahana-vaishnav-ahanabhattacharji-Strong-Gravitational-Lens-Finding-Challenge\Real Data pipeline\data\raw\lens\confident_1617.jpg,1,lens,1,128,128,3,32.0,0.0,b9fc26ac0c130027cdcfd02ec79df1f0d3e8077e7e2a8e576c1d9c237539b4f9,1,
confident_1634,D:\MSc Data and Computational Science\Gravitational Lensing\Gravitational_Lensing_Project\projects-ahana-vaishnav-ahanabhattacharji-Strong-Gravitational-Lens-Finding-Challenge\Real Data pipeline\data\raw\lens\confident_1634.jpg,1,lens,1,128,128,3,32.0,0.0,b9fc26ac0c130027cdcfd02ec79df1f0d3e8077e7e2a8e576c1d9c237539b4f9,1,
confident_1731,D:\MSc Data and Computational Science\Gravitational Lensing\Gravitational_Lensing_Project\projects-ahana-vaishnav-ahanabhattacharji-Strong-Gravitational-Lens-Finding-Challenge\Real Data pipeline\data\raw\lens\confident_1731.jpg,1,lens,1,128,128,3,32.0,0.0,b9fc26ac0c130027cdcfd02ec79df1f0d3e8077e7e2a8e576c1d9c237539b4f9,1,
confident_1739,D:\MSc Data and Computational Science\Gravitational Lensing\Gravitational_Lensing_Project\projects-ahana-vaishnav-ahanabhattacharji-Strong-Gravitational-Lens-Finding-Challenge\Real Data pipeline\data\raw\lens\confident_1739.jpg,1,lens,1,128,128,3,32.0,0.0,b9fc26ac0c130027cdcfd02ec79df1f0d3e8077e7e2a8e576c1d9c237539b4f9,1,
confident_1766,D:\MSc Data and Computational Science\Gravitational Lensing\Gravitational_Lensing_Project\projects-ahana-vaishnav-ahanabhattacharji-Strong-Gravitational-Lens-Finding-Challenge\Real Data pipeline\data\raw\lens\confident_1766.jpg,1,lens,1,128,128,3,32.0,0.0,b9fc26ac0c130027cdcfd02ec79df1f0d3e8077e7e2a8e576c1d9c237539b4f9,1,
confident_1768,D:\MSc Data and Computational Science\Gravitational Lensing\Gravitational_Lensing_Project\projects-ahana-vaishnav-ahanabhattacharji-Strong-Gravitational-Lens-Finding-Challenge\Real Data pipeline\data\raw\lens\confident_1768.jpg,1,lens,1,128,128,3,32.0,0.0,b9fc26ac0c130027cdcfd02ec79df1f0d3e8077e7e2a8e576c1d9c237539b4f9,1,
confident_1970,D:\MSc Data and Computational Science\Gravitational Lensing\Gravitational_Lensing_Project\projects-ahana-vaishnav-ahanabhattacharji-Strong-Gravitational-Lens-Finding-Challenge\Real Data pipeline\data\raw\lens\confident_1970.jpg,1,lens,1,128,128,3,32.0,0.0,b9fc26ac0c130027cdcfd02ec79df1f0d3e8077e7e2a8e576c1d9c237539b4f9,1,
