image_id,file_path,label,class_name,readable,mean_pixel,pixel_std,center_mean,edge_mean,center_edge_ratio,usable,flag_reason,predicted_probability,predicted_label
probable_0001,D:\MSc Data and Computational Science\Gravitational Lensing\Gravitational_Lensing_Project\projects-ahana-vaishnav-ahanabhattacharji-Strong-Gravitational-Lens-Finding-Challenge\Real Data pipeline\data\raw\probable\probable_0001.jpg,1,probable_lens,1,41.44378662109375,24.898545230078422,87.31972789115646,34.92660590277778,2.500091925168137,1,,0.99548787,1
probable_0002,D:\MSc Data and Computational Science\Gravitational Lensing\Gravitational_Lensing_Project\projects-ahana-vaishnav-ahanabhattacharji-Strong-Gravitational-Lens-Finding-Challenge\Real Data pipeline\data\raw\probable\probable_0002.jpg,1,probable_lens,1,36.89638264973959,19.694431483189025,34.12944066515495,34.64500868055556,0.9851185200941086,1,,0.99317825,1
probable_0003,D:\MSc Data and Computational Science\Gravitational Lensing\Gravitational_Lensing_Project\projects-ahana-vaishnav-ahanabhattacharji-Strong-Gravitational-Lens-Finding-Challenge\Real Data pipeline\data\raw\probable\probable_0003.jpg,1,probable_lens,1,34.37603759765625,17.847685857955465,33.40854119425548,32.89969618055556,1.0154665257527251,1,,0.99609107,1
probable_0004,D:\MSc Data and Computational Science\Gravitational Lensing\Gravitational_Lensing_Project\projects-ahana-vaishnav-ahanabhattacharji-Strong-Gravitational-Lens-Finding-Challenge\Real Data pipeline\data\raw\probable\probable_0004.jpg,1,probable_lens,1,45.46356201171875,28.77159965464333,76.3665910808768,38.476909722222224,1.984738110400623,1,,0.99941266,1
probable_0005,D:\MSc Data and Computational Science\Gravitational Lensing\Gravitational_Lensing_Project\projects-ahana-vaishnav-ahanabhattacharji-Strong-Gravitational-Lens-Finding-Challenge\Real Data pipeline\data\raw\probable\probable_0005.jpg,1,probable_lens,1,50.285237630208336,31.33504864538902,85.40362811791383,44.662109375,1.9122165836059384,1,,0.9995776,1
probable_0006,D:\MSc Data and Computational Science\Gravitational Lensing\Gravitational_Lensing_Project\projects-ahana-vaishnav-ahanabhattacharji-Strong-Gravitational-Lens-Finding-Challenge\Real Data pipeline\data\raw\probable\probable_0006.jpg,1,probable_lens,1,36.875020345052086,12.88390390595896,41.35770975056689,36.158984375,1.1437740667126473,1,,0.86913186,1
probable_0007,D:\MSc Data and Computational Science\Gravitational Lensing\Gravitational_Lensing_Project\projects-ahana-vaishnav-ahanabhattacharji-Strong-Gravitational-Lens-Finding-Challenge\Real Data pipeline\data\raw\probable\probable_0007.jpg,1,probable_lens,1,42.664469401041664,29.73406245366436,64.80385487528345,34.15477430555556,1.8973585478321848,1,,0.14126264,0
probable_0008,D:\MSc Data and Computational Science\Gravitational Lensing\Gravitational_Lensing_Project\projects-ahana-vaishnav-ahanabhattacharji-Strong-Gravitational-Lens-Finding-Challenge\Real Data pipeline\data\raw\probable\probable_0008.jpg,1,probable_lens,1,42.60367838541666,25.6968590604191,73.87452758881331,39.030338541666666,1.8927462188728563,1,,0.9888603,1
probable_0009,D:\MSc Data and Computational Science\Gravitational Lensing\Gravitational_Lensing_Project\projects-ahana-vaishnav-ahanabhattacharji-Strong-Gravitational-Lens-Finding-Challenge\Real Data pipeline\data\raw\probable\probable_0009.jpg,1,probable_lens,1,46.93524169921875,30.32507487048037,87.39096749811036,45.11384548611111,1.93712073575936,1,,0.9991986,1
probable_0010,D:\MSc Data and Computational Science\Gravitational Lensing\Gravitational_Lensing_Project\projects-ahana-vaishnav-ahanabhattacharji-Strong-Gravitational-Lens-Finding-Challenge\Real Data pipeline\data\raw\probable\probable_0010.jpg,1,probable_lens,1,44.06327311197917,26.79435924955157,86.05215419501134,37.62495659722222,2.2871030212500334,1,,0.9759552,1
probable_0013,D:\MSc Data and Computational Science\Gravitational Lensing\Gravitational_Lensing_Project\projects-ahana-vaishnav-ahanabhattacharji-Strong-Gravitational-Lens-Finding-Challenge\Real Data pipeline\data\raw\probable\probable_0013.jpg,1,probable_lens,1,39.13177490234375,24.88198933013299,37.454837490551775,37.02469618055556,1.0116176590965371,1,,0.2566772,0
probable_0014,D:\MSc Data and Computational Science\Gravitational Lensing\Gravitational_Lensing_Project\projects-ahana-vaishnav-ahanabhattacharji-Strong-Gravitational-Lens-Finding-Challenge\Real Data pipeline\data\raw\probable\probable_0014.jpg,1,probable_lens,1,36.53511555989584,17.469366900900745,35.31859410430839,35.250390625,1.001934800612542,1,,0.97097754,1
probable_0016,D:\MSc Data and Computational Science\Gravitational Lensing\Gravitational_Lensing_Project\projects-ahana-vaishnav-ahanabhattacharji-Strong-Gravitational-Lens-Finding-Challenge\Real Data pipeline\data\raw\probable\probable_0016.jpg,1,probable_lens,1,36.79486083984375,16.10467657361848,45.17271352985639,33.97282986111111,1.3296717519518175,1,,0.9946801,1
probable_0017,D:\MSc Data and Computational Science\Gravitational Lensing\Gravitational_Lensing_Project\projects-ahana-vaishnav-ahanabhattacharji-Strong-Gravitational-Lens-Finding-Challenge\Real Data pipeline\data\raw\probable\probable_0017.jpg,1,probable_lens,1,37.2862548828125,18.859911356744323,44.45918367346939,34.20802951388889,1.299670954614543,1,,0.9778336,1
probable_0019,D:\MSc Data and Computational Science\Gravitational Lensing\Gravitational_Lensing_Project\projects-ahana-vaishnav-ahanabhattacharji-Strong-Gravitational-Lens-Finding-Challenge\Real Data pipeline\data\raw\probable\probable_0019.jpg,1,probable_lens,1,36.04178873697917,15.797230567739266,51.65419501133787,34.54344618055556,1.4953399045945226,1,,0.99140745,1
probable_0020,D:\MSc Data and Computational Science\Gravitational Lensing\Gravitational_Lensing_Project\projects-ahana-vaishnav-ahanabhattacharji-Strong-Gravitational-Lens-Finding-Challenge\Real Data pipeline\data\raw\probable\probable_0020.jpg,1,probable_lens,1,33.656901041666664,12.559046720355068,36.81783824640968,32.54704861111111,1.1312189180379837,1,,0.9770517,1
probable_0021,D:\MSc Data and Computational Science\Gravitational Lensing\Gravitational_Lensing_Project\projects-ahana-vaishnav-ahanabhattacharji-Strong-Gravitational-Lens-Finding-Challenge\Real Data pipeline\data\raw\probable\probable_0021.jpg,1,probable_lens,1,40.52974446614584,23.895275307024704,67.31708238851095,35.39874131944445,1.9016800591679168,1,,0.9992124,1
probable_0022,D:\MSc Data and Computational Science\Gravitational Lensing\Gravitational_Lensing_Project\projects-ahana-vaishnav-ahanabhattacharji-Strong-Gravitational-Lens-Finding-Challenge\Real Data pipeline\data\raw\probable\probable_0022.jpg,1,probable_lens,1,35.433980305989586,16.594686545494977,40.16685563114135,34.62261284722222,1.160133541863245,1,,0.99686384,1
probable_0024,D:\MSc Data and Computational Science\Gravitational Lensing\Gravitational_Lensing_Project\projects-ahana-vaishnav-ahanabhattacharji-Strong-Gravitational-Lens-Finding-Challenge\Real Data pipeline\data\raw\probable\probable_0024.jpg,1,probable_lens,1,36.151387532552086,14.652356090711084,48.43102796674225,34.612109375,1.3992509396862296,1,,0.99314064,1
probable_0025,D:\MSc Data and Computational Science\Gravitational Lensing\Gravitational_Lensing_Project\projects-ahana-vaishnav-ahanabhattacharji-Strong-Gravitational-Lens-Finding-Challenge\Real Data pipeline\data\raw\probable\probable_0025.jpg,1,probable_lens,1,49.104146321614586,31.678653803964814,94.11999244142102,42.219097222222224,2.2293226621283093,1,,0.3343532,0
probable_0026,D:\MSc Data and Computational Science\Gravitational Lensing\Gravitational_Lensing_Project\projects-ahana-vaishnav-ahanabhattacharji-Strong-Gravitational-Lens-Finding-Challenge\Real Data pipeline\data\raw\probable\probable_0026.jpg,1,probable_lens,1,42.50531005859375,31.146202165003643,46.743197278911566,40.58580729166667,1.1517128584207394,1,,0.60083824,1
probable_0027,D:\MSc Data and Computational Science\Gravitational Lensing\Gravitational_Lensing_Project\projects-ahana-vaishnav-ahanabhattacharji-Strong-Gravitational-Lens-Finding-Challenge\Real Data pipeline\data\raw\probable\probable_0027.jpg,1,probable_lens,1,36.01436360677084,15.451498863356283,49.109221466364325,33.63025173611111,1.4602691764380462,1,,0.99224323,1
probable_0029,D:\MSc Data and Computational Science\Gravitational Lensing\Gravitational_Lensing_Project\projects-ahana-vaishnav-ahanabhattacharji-Strong-Gravitational-Lens-Finding-Challenge\Real Data pipeline\data\raw\probable\probable_0029.jpg,1,probable_lens,1,35.704264322916664,19.46917070955087,40.99622071050643,38.758029513888886,1.0577477794134946,1,,0.99524164,1
probable_0030,D:\MSc Data and Computational Science\Gravitational Lensing\Gravitational_Lensing_Project\projects-ahana-vaishnav-ahanabhattacharji-Strong-Gravitational-Lens-Finding-Challenge\Real Data pipeline\data\raw\probable\probable_0030.jpg,1,probable_lens,1,39.02266438802084,22.448873459346345,50.36130007558579,40.21258680555555,1.252376502579328,1,,0.9996506,1
probable_0031,D:\MSc Data and Computational Science\Gravitational Lensing\Gravitational_Lensing_Project\projects-ahana-vaishnav-ahanabhattacharji-Strong-Gravitational-Lens-Finding-Challenge\Real Data pipeline\data\raw\probable\probable_0031.jpg,1,probable_lens,1,38.646240234375,19.304654737213426,63.12207105064248,36.38420138888889,1.7348757676743487,1,,0.95589453,1
probable_0033,D:\MSc Data and Computational Science\Gravitational Lensing\Gravitational_Lensing_Project\projects-ahana-vaishnav-ahanabhattacharji-Strong-Gravitational-Lens-Finding-Challenge\Real Data pipeline\data\raw\probable\probable_0033.jpg,1,probable_lens,1,47.828633626302086,34.071119412187784,85.2020030234316,38.51549479166667,2.21214867606264,1,,0.61728233,1
probable_0034,D:\MSc Data and Computational Science\Gravitational Lensing\Gravitational_Lensing_Project\projects-ahana-vaishnav-ahanabhattacharji-Strong-Gravitational-Lens-Finding-Challenge\Real Data pipeline\data\raw\probable\probable_0034.jpg,1,probable_lens,1,37.416727701822914,21.1976267351069,52.529289493575206,39.59001736111111,1.3268316527272497,1,,0.9946508,1
probable_0036,D:\MSc Data and Computational Science\Gravitational Lensing\Gravitational_Lensing_Project\projects-ahana-vaishnav-ahanabhattacharji-Strong-Gravitational-Lens-Finding-Challenge\Real Data pipeline\data\raw\probable\probable_0036.jpg,1,probable_lens,1,33.8765869140625,13.190612426623186,36.22430083144369,34.51059027777778,1.0496574961545042,1,,0.9934394,1
probable_0037,D:\MSc Data and Computational Science\Gravitational Lensing\Gravitational_Lensing_Project\projects-ahana-vaishnav-ahanabhattacharji-Strong-Gravitational-Lens-Finding-Challenge\Real Data pipeline\data\raw\probable\probable_0037.jpg,1,probable_lens,1,43.765706380208336,25.28544556095207,57.3896447467876,37.81427951388889,1.517671206932229,1,,0.991687,1
probable_0038,D:\MSc Data and Computational Science\Gravitational Lensing\Gravitational_Lensing_Project\projects-ahana-vaishnav-ahanabhattacharji-Strong-Gravitational-Lens-Finding-Challenge\Real Data pipeline\data\raw\probable\probable_0038.jpg,1,probable_lens,1,47.3206787109375,33.6373020323556,46.2989417989418,42.19435763888889,1.097278008066933,1,,0.29054818,0
probable_0039,D:\MSc Data and Computational Science\Gravitational Lensing\Gravitational_Lensing_Project\projects-ahana-vaishnav-ahanabhattacharji-Strong-Gravitational-Lens-Finding-Challenge\Real Data pipeline\data\raw\probable\probable_0039.jpg,1,probable_lens,1,34.7021484375,14.99857812076308,33.99263038548753,34.259765625,0.9922026252415412,1,,0.9922874,1
probable_0040,D:\MSc Data and Computational Science\Gravitational Lensing\Gravitational_Lensing_Project\projects-ahana-vaishnav-ahanabhattacharji-Strong-Gravitational-Lens-Finding-Challenge\Real Data pipeline\data\raw\probable\probable_0040.jpg,1,probable_lens,1,39.853515625,22.889878095260837,48.37792894935752,44.21024305555556,1.0942696649347776,1,,0.9753234,1
probable_0042,D:\MSc Data and Computational Science\Gravitational Lensing\Gravitational_Lensing_Project\projects-ahana-vaishnav-ahanabhattacharji-Strong-Gravitational-Lens-Finding-Challenge\Real Data pipeline\data\raw\probable\probable_0042.jpg,1,probable_lens,1,38.81612141927084,22.587155825023725,57.968820861678005,35.64392361111111,1.6263310366111496,1,,0.9988024,1
probable_0043,D:\MSc Data and Computational Science\Gravitational Lensing\Gravitational_Lensing_Project\projects-ahana-vaishnav-ahanabhattacharji-Strong-Gravitational-Lens-Finding-Challenge\Real Data pipeline\data\raw\probable\probable_0043.jpg,1,probable_lens,1,44.135477701822914,29.63208948099605,74.1859410430839,35.52122395833333,2.0884961352009843,1,,0.9929502,1
probable_0044,D:\MSc Data and Computational Science\Gravitational Lensing\Gravitational_Lensing_Project\projects-ahana-vaishnav-ahanabhattacharji-Strong-Gravitational-Lens-Finding-Challenge\Real Data pipeline\data\raw\probable\probable_0044.jpg,1,probable_lens,1,36.15858968098959,19.343569513073174,36.65967498110355,35.95577256944444,1.0195768674062764,1,,0.9973562,1
probable_0045,D:\MSc Data and Computational Science\Gravitational Lensing\Gravitational_Lensing_Project\projects-ahana-vaishnav-ahanabhattacharji-Strong-Gravitational-Lens-Finding-Challenge\Real Data pipeline\data\raw\probable\probable_0045.jpg,1,probable_lens,1,117.21146647135416,59.336899099607606,123.0695389266818,111.17057291666669,1.1070334045314416,1,,0.0015701649,0
probable_0046,D:\MSc Data and Computational Science\Gravitational Lensing\Gravitational_Lensing_Project\projects-ahana-vaishnav-ahanabhattacharji-Strong-Gravitational-Lens-Finding-Challenge\Real Data pipeline\data\raw\probable\probable_0046.jpg,1,probable_lens,1,41.305908203125,27.21717817269604,59.24508692365836,40.18993055555556,1.4741275894377273,1,,0.9793117,1
probable_0047,D:\MSc Data and Computational Science\Gravitational Lensing\Gravitational_Lensing_Project\projects-ahana-vaishnav-ahanabhattacharji-Strong-Gravitational-Lens-Finding-Challenge\Real Data pipeline\data\raw\probable\probable_0047.jpg,1,probable_lens,1,37.7623291015625,19.552956442517694,34.561791383219955,34.896875,0.9903978620670788,1,,0.9485669,1
probable_0048,D:\MSc Data and Computational Science\Gravitational Lensing\Gravitational_Lensing_Project\projects-ahana-vaishnav-ahanabhattacharji-Strong-Gravitational-Lens-Finding-Challenge\Real Data pipeline\data\raw\probable\probable_0048.jpg,1,probable_lens,1,36.39766438802084,17.37203332213698,54.21768707482993,35.122265625,1.5436841720299974,1,,0.9839983,1
probable_0049,D:\MSc Data and Computational Science\Gravitational Lensing\Gravitational_Lensing_Project\projects-ahana-vaishnav-ahanabhattacharji-Strong-Gravitational-Lens-Finding-Challenge\Real Data pipeline\data\raw\probable\probable_0049.jpg,1,probable_lens,1,36.164693196614586,18.18854242462818,45.4608843537415,35.97096354166667,1.263821666530022,1,,0.9948361,1
probable_0051,D:\MSc Data and Computational Science\Gravitational Lensing\Gravitational_Lensing_Project\projects-ahana-vaishnav-ahanabhattacharji-Strong-Gravitational-Lens-Finding-Challenge\Real Data pipeline\data\raw\probable\probable_0051.jpg,1,probable_lens,1,39.866780598958336,23.936967805496884,52.523809523809526,36.68355034722222,1.4318081972667778,1,,0.88847184,1
probable_0052,D:\MSc Data and Computational Science\Gravitational Lensing\Gravitational_Lensing_Project\projects-ahana-vaishnav-ahanabhattacharji-Strong-Gravitational-Lens-Finding-Challenge\Real Data pipeline\data\raw\probable\probable_0052.jpg,1,probable_lens,1,35.55391438802084,17.75474069641958,46.06953892668179,34.55872395833333,1.3330798223090343,1,,0.9965048,1
probable_0053,D:\MSc Data and Computational Science\Gravitational Lensing\Gravitational_Lensing_Project\projects-ahana-vaishnav-ahanabhattacharji-Strong-Gravitational-Lens-Finding-Challenge\Real Data pipeline\data\raw\probable\probable_0053.jpg,1,probable_lens,1,40.789876302083336,28.02843224964107,58.85695389266818,43.05451388888889,1.3670332610775144,1,,0.93642235,1
probable_0054,D:\MSc Data and Computational Science\Gravitational Lensing\Gravitational_Lensing_Project\projects-ahana-vaishnav-ahanabhattacharji-Strong-Gravitational-Lens-Finding-Challenge\Real Data pipeline\data\raw\probable\probable_0054.jpg,1,probable_lens,1,38.38350423177084,19.246062140153537,58.985638699924415,35.62990451388889,1.655509265297693,1,,0.9975067,1
probable_0057,D:\MSc Data and Computational Science\Gravitational Lensing\Gravitational_Lensing_Project\projects-ahana-vaishnav-ahanabhattacharji-Strong-Gravitational-Lens-Finding-Challenge\Real Data pipeline\data\raw\probable\probable_0057.jpg,1,probable_lens,1,34.469523111979164,12.650872013254856,46.67365835222978,32.640972222222224,1.4299101327179178,1,,0.98916924,1
probable_0058,D:\MSc Data and Computational Science\Gravitational Lensing\Gravitational_Lensing_Project\projects-ahana-vaishnav-ahanabhattacharji-Strong-Gravitational-Lens-Finding-Challenge\Real Data pipeline\data\raw\probable\probable_0058.jpg,1,probable_lens,1,35.372090657552086,12.335194353311532,35.37641723356009,36.94079861111111,0.9576516373760224,1,,0.9793499,1
probable_0060,D:\MSc Data and Computational Science\Gravitational Lensing\Gravitational_Lensing_Project\projects-ahana-vaishnav-ahanabhattacharji-Strong-Gravitational-Lens-Finding-Challenge\Real Data pipeline\data\raw\probable\probable_0060.jpg,1,probable_lens,1,37.1114501953125,19.92673116662081,55.49867724867725,34.39678819444445,1.6134842393266475,1,,0.99594986,1
probable_0061,D:\MSc Data and Computational Science\Gravitational Lensing\Gravitational_Lensing_Project\projects-ahana-vaishnav-ahanabhattacharji-Strong-Gravitational-Lens-Finding-Challenge\Real Data pipeline\data\raw\probable\probable_0061.jpg,1,probable_lens,1,33.216552734375,13.914314004294631,34.430839002267575,32.85520833333333,1.0479567685278963,1,,0.9935149,1
probable_0062,D:\MSc Data and Computational Science\Gravitational Lensing\Gravitational_Lensing_Project\projects-ahana-vaishnav-ahanabhattacharji-Strong-Gravitational-Lens-Finding-Challenge\Real Data pipeline\data\raw\probable\probable_0062.jpg,1,probable_lens,1,48.149678548177086,31.93177191697944,74.69595616024188,39.83207465277778,1.875271497558345,1,,0.954395,1
probable_0063,D:\MSc Data and Computational Science\Gravitational Lensing\Gravitational_Lensing_Project\projects-ahana-vaishnav-ahanabhattacharji-Strong-Gravitational-Lens-Finding-Challenge\Real Data pipeline\data\raw\probable\probable_0063.jpg,1,probable_lens,1,43.19618733723959,28.04652215332939,93.99792139077852,35.83428819444445,2.62312783381096,1,,0.9977962,1
probable_0064,D:\MSc Data and Computational Science\Gravitational Lensing\Gravitational_Lensing_Project\projects-ahana-vaishnav-ahanabhattacharji-Strong-Gravitational-Lens-Finding-Challenge\Real Data pipeline\data\raw\probable\probable_0064.jpg,1,probable_lens,1,46.69136555989584,29.678331237500505,52.27305366591081,41.120703125,1.2712100820795664,1,,0.76857823,1
probable_0065,D:\MSc Data and Computational Science\Gravitational Lensing\Gravitational_Lensing_Project\projects-ahana-vaishnav-ahanabhattacharji-Strong-Gravitational-Lens-Finding-Challenge\Real Data pipeline\data\raw\probable\probable_0065.jpg,1,probable_lens,1,46.975911458333336,40.978490004506654,70.92271352985638,36.40555555555556,1.9481288088983613,1,,0.103028305,0
probable_0066,D:\MSc Data and Computational Science\Gravitational Lensing\Gravitational_Lensing_Project\projects-ahana-vaishnav-ahanabhattacharji-Strong-Gravitational-Lens-Finding-Challenge\Real Data pipeline\data\raw\probable\probable_0066.jpg,1,probable_lens,1,40.89687093098959,25.7732966894066,69.73733938019652,35.320225694444446,1.9744306848167987,1,,0.99882156,1
probable_0067,D:\MSc Data and Computational Science\Gravitational Lensing\Gravitational_Lensing_Project\projects-ahana-vaishnav-ahanabhattacharji-Strong-Gravitational-Lens-Finding-Challenge\Real Data pipeline\data\raw\probable\probable_0067.jpg,1,probable_lens,1,35.14253743489584,15.924385294633666,35.7713529856387,35.03224826388889,1.0210978095120966,1,,0.9949344,1
probable_0068,D:\MSc Data and Computational Science\Gravitational Lensing\Gravitational_Lensing_Project\projects-ahana-vaishnav-ahanabhattacharji-Strong-Gravitational-Lens-Finding-Challenge\Real Data pipeline\data\raw\probable\probable_0068.jpg,1,probable_lens,1,37.79803466796875,22.46400662461974,53.83578987150416,35.79440104166667,1.5040281943762133,1,,0.9755982,1
probable_0070,D:\MSc Data and Computational Science\Gravitational Lensing\Gravitational_Lensing_Project\projects-ahana-vaishnav-ahanabhattacharji-Strong-Gravitational-Lens-Finding-Challenge\Real Data pipeline\data\raw\probable\probable_0070.jpg,1,probable_lens,1,36.63250732421875,19.93832295876428,50.62887377173092,35.82005208333333,1.4134226337952571,1,,0.9963169,1
probable_0072,D:\MSc Data and Computational Science\Gravitational Lensing\Gravitational_Lensing_Project\projects-ahana-vaishnav-ahanabhattacharji-Strong-Gravitational-Lens-Finding-Challenge\Real Data pipeline\data\raw\probable\probable_0072.jpg,1,probable_lens,1,151.7765909830729,54.20587843761696,232.63813303099016,108.69266493055557,2.140329626100294,1,,6.902626e-05,0
probable_0073,D:\MSc Data and Computational Science\Gravitational Lensing\Gravitational_Lensing_Project\projects-ahana-vaishnav-ahanabhattacharji-Strong-Gravitational-Lens-Finding-Challenge\Real Data pipeline\data\raw\probable\probable_0073.jpg,1,probable_lens,1,34.254231770833336,16.27663777228702,42.059145880574455,34.34861111111111,1.2244787575265417,1,,0.99737227,1
probable_0074,D:\MSc Data and Computational Science\Gravitational Lensing\Gravitational_Lensing_Project\projects-ahana-vaishnav-ahanabhattacharji-Strong-Gravitational-Lens-Finding-Challenge\Real Data pipeline\data\raw\probable\probable_0074.jpg,1,probable_lens,1,71.60410563151042,33.18954296088428,71.82520786092215,68.42009548611111,1.0497677078766217,1,,0.07107767,0
probable_0075,D:\MSc Data and Computational Science\Gravitational Lensing\Gravitational_Lensing_Project\projects-ahana-vaishnav-ahanabhattacharji-Strong-Gravitational-Lens-Finding-Challenge\Real Data pipeline\data\raw\probable\probable_0075.jpg,1,probable_lens,1,36.71549479166666,17.160283540795405,37.37509448223734,37.533420138888886,0.9957817152860734,1,,0.99782,1
probable_0076,D:\MSc Data and Computational Science\Gravitational Lensing\Gravitational_Lensing_Project\projects-ahana-vaishnav-ahanabhattacharji-Strong-Gravitational-Lens-Finding-Challenge\Real Data pipeline\data\raw\probable\probable_0076.jpg,1,probable_lens,1,42.772379557291664,25.856086689249363,48.40249433106576,35.945703125,1.3465446152549323,1,,0.73545516,1
probable_0077,D:\MSc Data and Computational Science\Gravitational Lensing\Gravitational_Lensing_Project\projects-ahana-vaishnav-ahanabhattacharji-Strong-Gravitational-Lens-Finding-Challenge\Real Data pipeline\data\raw\probable\probable_0077.jpg,1,probable_lens,1,32.2930908203125,12.334339877713976,32.162320483749056,31.95086805555556,1.006618018052211,1,,0.99379843,1
probable_0078,D:\MSc Data and Computational Science\Gravitational Lensing\Gravitational_Lensing_Project\projects-ahana-vaishnav-ahanabhattacharji-Strong-Gravitational-Lens-Finding-Challenge\Real Data pipeline\data\raw\probable\probable_0078.jpg,1,probable_lens,1,37.566426595052086,22.352812263520644,35.252267573696145,35.670703125,0.9882694619697572,1,,0.93589485,1
probable_0079,D:\MSc Data and Computational Science\Gravitational Lensing\Gravitational_Lensing_Project\projects-ahana-vaishnav-ahanabhattacharji-Strong-Gravitational-Lens-Finding-Challenge\Real Data pipeline\data\raw\probable\probable_0079.jpg,1,probable_lens,1,66.90484619140625,41.92015890485363,159.27966742252457,42.904513888888886,3.712422057096227,1,,0.49783617,1
probable_0080,D:\MSc Data and Computational Science\Gravitational Lensing\Gravitational_Lensing_Project\projects-ahana-vaishnav-ahanabhattacharji-Strong-Gravitational-Lens-Finding-Challenge\Real Data pipeline\data\raw\probable\probable_0080.jpg,1,probable_lens,1,38.8831787109375,20.27876767005602,50.86281179138322,36.35993923611111,1.3988695102658195,1,,0.9275869,1
probable_0081,D:\MSc Data and Computational Science\Gravitational Lensing\Gravitational_Lensing_Project\projects-ahana-vaishnav-ahanabhattacharji-Strong-Gravitational-Lens-Finding-Challenge\Real Data pipeline\data\raw\probable\probable_0081.jpg,1,probable_lens,1,37.67828369140625,22.50677419905513,51.93990929705216,34.691059027777776,1.4972130933866796,1,,0.99525625,1
probable_0082,D:\MSc Data and Computational Science\Gravitational Lensing\Gravitational_Lensing_Project\projects-ahana-vaishnav-ahanabhattacharji-Strong-Gravitational-Lens-Finding-Challenge\Real Data pipeline\data\raw\probable\probable_0082.jpg,1,probable_lens,1,36.63521321614584,16.543600024214182,52.846182917611486,35.40251736111111,1.4927238333322037,1,,0.9954034,1
probable_0083,D:\MSc Data and Computational Science\Gravitational Lensing\Gravitational_Lensing_Project\projects-ahana-vaishnav-ahanabhattacharji-Strong-Gravitational-Lens-Finding-Challenge\Real Data pipeline\data\raw\probable\probable_0083.jpg,1,probable_lens,1,33.865214029947914,14.681739259047704,32.871315192743765,34.062152777777776,0.9650392458209464,1,,0.9925304,1
probable_0085,D:\MSc Data and Computational Science\Gravitational Lensing\Gravitational_Lensing_Project\projects-ahana-vaishnav-ahanabhattacharji-Strong-Gravitational-Lens-Finding-Challenge\Real Data pipeline\data\raw\probable\probable_0085.jpg,1,probable_lens,1,34.28253173828125,15.964046443311531,32.485827664399096,32.36536458333333,1.0037219440872869,1,,0.9218569,1
probable_0086,D:\MSc Data and Computational Science\Gravitational Lensing\Gravitational_Lensing_Project\projects-ahana-vaishnav-ahanabhattacharji-Strong-Gravitational-Lens-Finding-Challenge\Real Data pipeline\data\raw\probable\probable_0086.jpg,1,probable_lens,1,43.50907389322917,27.720173870472987,73.59996220710507,40.34574652777778,1.8242309714656293,1,,0.99885607,1
probable_0087,D:\MSc Data and Computational Science\Gravitational Lensing\Gravitational_Lensing_Project\projects-ahana-vaishnav-ahanabhattacharji-Strong-Gravitational-Lens-Finding-Challenge\Real Data pipeline\data\raw\probable\probable_0087.jpg,1,probable_lens,1,175.7830607096354,79.57217295223494,194.88662131519277,173.23198784722223,1.1250036590359087,1,,2.0372527e-05,0
probable_0089,D:\MSc Data and Computational Science\Gravitational Lensing\Gravitational_Lensing_Project\projects-ahana-vaishnav-ahanabhattacharji-Strong-Gravitational-Lens-Finding-Challenge\Real Data pipeline\data\raw\probable\probable_0089.jpg,1,probable_lens,1,41.74751790364584,23.18452743450539,72.4990551776266,35.80772569444444,2.024676288340717,1,,0.99755895,1
probable_0090,D:\MSc Data and Computational Science\Gravitational Lensing\Gravitational_Lensing_Project\projects-ahana-vaishnav-ahanabhattacharji-Strong-Gravitational-Lens-Finding-Challenge\Real Data pipeline\data\raw\probable\probable_0090.jpg,1,probable_lens,1,36.60142008463541,18.924818931329835,41.1396447467876,36.44435763888889,1.128834373364126,1,,0.9040548,1
probable_0092,D:\MSc Data and Computational Science\Gravitational Lensing\Gravitational_Lensing_Project\projects-ahana-vaishnav-ahanabhattacharji-Strong-Gravitational-Lens-Finding-Challenge\Real Data pipeline\data\raw\probable\probable_0092.jpg,1,probable_lens,1,34.179239908854164,16.895029885706865,32.960506424792136,32.723958333333336,1.0072285596326924,1,,0.9701971,1
probable_0095,D:\MSc Data and Computational Science\Gravitational Lensing\Gravitational_Lensing_Project\projects-ahana-vaishnav-ahanabhattacharji-Strong-Gravitational-Lens-Finding-Challenge\Real Data pipeline\data\raw\probable\probable_0095.jpg,1,probable_lens,1,40.0701904296875,24.34689880007687,63.42649281934996,36.77087673611111,1.724911036242725,1,,0.9985605,1
probable_0096,D:\MSc Data and Computational Science\Gravitational Lensing\Gravitational_Lensing_Project\projects-ahana-vaishnav-ahanabhattacharji-Strong-Gravitational-Lens-Finding-Challenge\Real Data pipeline\data\raw\probable\probable_0096.jpg,1,probable_lens,1,42.908610026041664,28.298685879065744,59.069160997732425,38.90863715277778,1.5181503080573726,1,,0.99927384,1
probable_0097,D:\MSc Data and Computational Science\Gravitational Lensing\Gravitational_Lensing_Project\projects-ahana-vaishnav-ahanabhattacharji-Strong-Gravitational-Lens-Finding-Challenge\Real Data pipeline\data\raw\probable\probable_0097.jpg,1,probable_lens,1,37.95406087239584,17.24979493802308,39.61526832955404,35.52786458333333,1.11504779921646,1,,0.9980332,1
probable_0098,D:\MSc Data and Computational Science\Gravitational Lensing\Gravitational_Lensing_Project\projects-ahana-vaishnav-ahanabhattacharji-Strong-Gravitational-Lens-Finding-Challenge\Real Data pipeline\data\raw\probable\probable_0098.jpg,1,probable_lens,1,46.850504557291664,31.53629452657329,77.99943310657596,39.93337673611112,1.953239057863175,1,,0.9826674,1
probable_0099,D:\MSc Data and Computational Science\Gravitational Lensing\Gravitational_Lensing_Project\projects-ahana-vaishnav-ahanabhattacharji-Strong-Gravitational-Lens-Finding-Challenge\Real Data pipeline\data\raw\probable\probable_0099.jpg,1,probable_lens,1,86.0023193359375,49.6875134580522,94.968820861678,75.21059027777778,1.2627054148653944,1,,0.4601178,1
probable_0100,D:\MSc Data and Computational Science\Gravitational Lensing\Gravitational_Lensing_Project\projects-ahana-vaishnav-ahanabhattacharji-Strong-Gravitational-Lens-Finding-Challenge\Real Data pipeline\data\raw\probable\probable_0100.jpg,1,probable_lens,1,34.418192545572914,15.569657885387343,41.21466364323507,33.140711805555554,1.2436263482035317,1,,0.9969386,1
probable_0101,D:\MSc Data and Computational Science\Gravitational Lensing\Gravitational_Lensing_Project\projects-ahana-vaishnav-ahanabhattacharji-Strong-Gravitational-Lens-Finding-Challenge\Real Data pipeline\data\raw\probable\probable_0101.jpg,1,probable_lens,1,38.38358561197917,21.928228522929142,72.96504157218443,34.20568576388889,2.133126052280114,1,,0.8165882,1
probable_0102,D:\MSc Data and Computational Science\Gravitational Lensing\Gravitational_Lensing_Project\projects-ahana-vaishnav-ahanabhattacharji-Strong-Gravitational-Lens-Finding-Challenge\Real Data pipeline\data\raw\probable\probable_0102.jpg,1,probable_lens,1,34.21728515625,12.99530523147921,33.166666666666664,34.024479166666666,0.9747883436925984,1,,0.99363977,1
probable_0103,D:\MSc Data and Computational Science\Gravitational Lensing\Gravitational_Lensing_Project\projects-ahana-vaishnav-ahanabhattacharji-Strong-Gravitational-Lens-Finding-Challenge\Real Data pipeline\data\raw\probable\probable_0103.jpg,1,probable_lens,1,43.52412923177084,29.253073987224813,79.69992441421013,36.48702256944444,2.184336145219413,1,,0.97218084,1
probable_0104,D:\MSc Data and Computational Science\Gravitational Lensing\Gravitational_Lensing_Project\projects-ahana-vaishnav-ahanabhattacharji-Strong-Gravitational-Lens-Finding-Challenge\Real Data pipeline\data\raw\probable\probable_0104.jpg,1,probable_lens,1,81.04777018229167,44.80783119683847,89.44595616024188,71.11631944444444,1.257741621068773,1,,0.80064285,1
probable_0105,D:\MSc Data and Computational Science\Gravitational Lensing\Gravitational_Lensing_Project\projects-ahana-vaishnav-ahanabhattacharji-Strong-Gravitational-Lens-Finding-Challenge\Real Data pipeline\data\raw\probable\probable_0105.jpg,1,probable_lens,1,47.0841064453125,29.74086702204636,73.40306122448979,39.17061631944444,1.8739316928776677,1,,0.9997248,1
probable_0107,D:\MSc Data and Computational Science\Gravitational Lensing\Gravitational_Lensing_Project\projects-ahana-vaishnav-ahanabhattacharji-Strong-Gravitational-Lens-Finding-Challenge\Real Data pipeline\data\raw\probable\probable_0107.jpg,1,probable_lens,1,41.434794108072914,23.585061958912053,79.71882086167801,33.36484375,2.389305913424878,1,,0.99886763,1
probable_0111,D:\MSc Data and Computational Science\Gravitational Lensing\Gravitational_Lensing_Project\projects-ahana-vaishnav-ahanabhattacharji-Strong-Gravitational-Lens-Finding-Challenge\Real Data pipeline\data\raw\probable\probable_0111.jpg,1,probable_lens,1,41.89351399739584,23.506096946833978,61.75075585789872,41.97139756944444,1.4712579986041692,1,,0.9980096,1
probable_0112,D:\MSc Data and Computational Science\Gravitational Lensing\Gravitational_Lensing_Project\projects-ahana-vaishnav-ahanabhattacharji-Strong-Gravitational-Lens-Finding-Challenge\Real Data pipeline\data\raw\probable\probable_0112.jpg,1,probable_lens,1,39.588968912760414,20.95725268257537,60.77569916855631,34.65477430555556,1.7537467385862195,1,,0.9915952,1
probable_0114,D:\MSc Data and Computational Science\Gravitational Lensing\Gravitational_Lensing_Project\projects-ahana-vaishnav-ahanabhattacharji-Strong-Gravitational-Lens-Finding-Challenge\Real Data pipeline\data\raw\probable\probable_0114.jpg,1,probable_lens,1,42.83414713541666,28.304580748174203,64.8922902494331,34.65789930555555,1.8723664641343285,1,,0.93211937,1
probable_0115,D:\MSc Data and Computational Science\Gravitational Lensing\Gravitational_Lensing_Project\projects-ahana-vaishnav-ahanabhattacharji-Strong-Gravitational-Lens-Finding-Challenge\Real Data pipeline\data\raw\probable\probable_0115.jpg,1,probable_lens,1,34.35272216796875,15.12420356660298,46.59863945578231,32.579036458333334,1.4303258503379428,1,,0.99562365,1
probable_0117,D:\MSc Data and Computational Science\Gravitational Lensing\Gravitational_Lensing_Project\projects-ahana-vaishnav-ahanabhattacharji-Strong-Gravitational-Lens-Finding-Challenge\Real Data pipeline\data\raw\probable\probable_0117.jpg,1,probable_lens,1,36.9464111328125,17.27081419881774,46.40967498110355,33.92547743055555,1.3679888133664138,1,,0.99523324,1
probable_0119,D:\MSc Data and Computational Science\Gravitational Lensing\Gravitational_Lensing_Project\projects-ahana-vaishnav-ahanabhattacharji-Strong-Gravitational-Lens-Finding-Challenge\Real Data pipeline\data\raw\probable\probable_0119.jpg,1,probable_lens,1,49.67856852213541,44.32545206959008,150.66118669690098,32.437282986111114,4.64469179236494,1,,0.074493915,0
probable_0120,D:\MSc Data and Computational Science\Gravitational Lensing\Gravitational_Lensing_Project\projects-ahana-vaishnav-ahanabhattacharji-Strong-Gravitational-Lens-Finding-Challenge\Real Data pipeline\data\raw\probable\probable_0120.jpg,1,probable_lens,1,36.21453857421875,14.459064581024773,47.729024943310655,34.75842013888889,1.3731643549801469,1,,0.9972613,1
probable_0124,D:\MSc Data and Computational Science\Gravitational Lensing\Gravitational_Lensing_Project\projects-ahana-vaishnav-ahanabhattacharji-Strong-Gravitational-Lens-Finding-Challenge\Real Data pipeline\data\raw\probable\probable_0124.jpg,1,probable_lens,1,34.7802734375,16.35202904922794,53.40797430083144,33.858463541666666,1.5773891410553156,1,,0.98024625,1
probable_0126,D:\MSc Data and Computational Science\Gravitational Lensing\Gravitational_Lensing_Project\projects-ahana-vaishnav-ahanabhattacharji-Strong-Gravitational-Lens-Finding-Challenge\Real Data pipeline\data\raw\probable\probable_0126.jpg,1,probable_lens,1,39.16249593098959,23.672645556507334,70.04327286470144,33.946788194444444,2.063325413885221,1,,0.89585215,1
probable_0127,D:\MSc Data and Computational Science\Gravitational Lensing\Gravitational_Lensing_Project\projects-ahana-vaishnav-ahanabhattacharji-Strong-Gravitational-Lens-Finding-Challenge\Real Data pipeline\data\raw\probable\probable_0127.jpg,1,probable_lens,1,35.723388671875,14.794716981448945,44.45313681027967,34.04466145833333,1.3057299911457512,1,,0.9886473,1
probable_0128,D:\MSc Data and Computational Science\Gravitational Lensing\Gravitational_Lensing_Project\projects-ahana-vaishnav-ahanabhattacharji-Strong-Gravitational-Lens-Finding-Challenge\Real Data pipeline\data\raw\probable\probable_0128.jpg,1,probable_lens,1,38.514261881510414,25.14971123710317,71.64569160997732,35.550998263888886,2.015293327711095,1,,0.9951467,1
probable_0129,D:\MSc Data and Computational Science\Gravitational Lensing\Gravitational_Lensing_Project\projects-ahana-vaishnav-ahanabhattacharji-Strong-Gravitational-Lens-Finding-Challenge\Real Data pipeline\data\raw\probable\probable_0129.jpg,1,probable_lens,1,48.9891357421875,29.42697854372232,94.67535903250187,40.28502604166667,2.3501376562209946,1,,0.9992306,1
probable_0130,D:\MSc Data and Computational Science\Gravitational Lensing\Gravitational_Lensing_Project\projects-ahana-vaishnav-ahanabhattacharji-Strong-Gravitational-Lens-Finding-Challenge\Real Data pipeline\data\raw\probable\probable_0130.jpg,1,probable_lens,1,65.67266845703125,41.07410874153252,138.24508692365836,45.42625868055556,3.043285709539352,1,,0.9985122,1
probable_0134,D:\MSc Data and Computational Science\Gravitational Lensing\Gravitational_Lensing_Project\projects-ahana-vaishnav-ahanabhattacharji-Strong-Gravitational-Lens-Finding-Challenge\Real Data pipeline\data\raw\probable\probable_0134.jpg,1,probable_lens,1,47.60135904947917,28.19752116722144,88.22675736961452,40.93307291666667,2.155390468578793,1,,0.9939236,1
probable_0135,D:\MSc Data and Computational Science\Gravitational Lensing\Gravitational_Lensing_Project\projects-ahana-vaishnav-ahanabhattacharji-Strong-Gravitational-Lens-Finding-Challenge\Real Data pipeline\data\raw\probable\probable_0135.jpg,1,probable_lens,1,34.95928955078125,17.133809095211355,34.81500377928949,34.666753472222226,1.0042764114877285,1,,0.99080896,1
probable_0136,D:\MSc Data and Computational Science\Gravitational Lensing\Gravitational_Lensing_Project\projects-ahana-vaishnav-ahanabhattacharji-Strong-Gravitational-Lens-Finding-Challenge\Real Data pipeline\data\raw\probable\probable_0136.jpg,1,probable_lens,1,37.089579264322914,17.374868024511883,57.84126984126984,35.11861979166667,1.6470256672208226,1,,0.9949149,1
probable_0137,D:\MSc Data and Computational Science\Gravitational Lensing\Gravitational_Lensing_Project\projects-ahana-vaishnav-ahanabhattacharji-Strong-Gravitational-Lens-Finding-Challenge\Real Data pipeline\data\raw\probable\probable_0137.jpg,1,probable_lens,1,181.49017333984372,38.86870554346067,245.4712773998488,146.57877604166666,1.6746713429739617,1,,5.487013e-06,0
probable_0138,D:\MSc Data and Computational Science\Gravitational Lensing\Gravitational_Lensing_Project\projects-ahana-vaishnav-ahanabhattacharji-Strong-Gravitational-Lens-Finding-Challenge\Real Data pipeline\data\raw\probable\probable_0138.jpg,1,probable_lens,1,38.1466064453125,20.188509570039287,57.28231292517007,36.50251736111111,1.5692701626361552,1,,0.9978727,1
probable_0139,D:\MSc Data and Computational Science\Gravitational Lensing\Gravitational_Lensing_Project\projects-ahana-vaishnav-ahanabhattacharji-Strong-Gravitational-Lens-Finding-Challenge\Real Data pipeline\data\raw\probable\probable_0139.jpg,1,probable_lens,1,34.38970947265625,16.969945401711765,35.85147392290249,34.28302951388889,1.0457498472423024,1,,0.99501157,1
probable_0140,D:\MSc Data and Computational Science\Gravitational Lensing\Gravitational_Lensing_Project\projects-ahana-vaishnav-ahanabhattacharji-Strong-Gravitational-Lens-Finding-Challenge\Real Data pipeline\data\raw\probable\probable_0140.jpg,1,probable_lens,1,38.99605305989584,21.51304111923057,47.58390022675737,37.57256944444445,1.2664531508994274,1,,0.99618196,1
probable_0142,D:\MSc Data and Computational Science\Gravitational Lensing\Gravitational_Lensing_Project\projects-ahana-vaishnav-ahanabhattacharji-Strong-Gravitational-Lens-Finding-Challenge\Real Data pipeline\data\raw\probable\probable_0142.jpg,1,probable_lens,1,43.08237711588541,28.80902337428865,48.91496598639456,42.20815972222222,1.1588983066168357,1,,0.6451066,1
probable_0143,D:\MSc Data and Computational Science\Gravitational Lensing\Gravitational_Lensing_Project\projects-ahana-vaishnav-ahanabhattacharji-Strong-Gravitational-Lens-Finding-Challenge\Real Data pipeline\data\raw\probable\probable_0143.jpg,1,probable_lens,1,49.598368326822914,35.89309994696037,88.53703703703704,42.98489583333333,2.059724311548878,1,,0.97794956,1
probable_0144,D:\MSc Data and Computational Science\Gravitational Lensing\Gravitational_Lensing_Project\projects-ahana-vaishnav-ahanabhattacharji-Strong-Gravitational-Lens-Finding-Challenge\Real Data pipeline\data\raw\probable\probable_0144.jpg,1,probable_lens,1,36.37939453125,16.008043842620552,47.80291005291005,34.95785590277778,1.3674439536112295,1,,0.99695456,1
probable_0145,D:\MSc Data and Computational Science\Gravitational Lensing\Gravitational_Lensing_Project\projects-ahana-vaishnav-ahanabhattacharji-Strong-Gravitational-Lens-Finding-Challenge\Real Data pipeline\data\raw\probable\probable_0145.jpg,1,probable_lens,1,34.013448079427086,16.510150976367264,41.493197278911566,34.20551215277778,1.2130558338237345,1,,0.9970119,1
probable_0146,D:\MSc Data and Computational Science\Gravitational Lensing\Gravitational_Lensing_Project\projects-ahana-vaishnav-ahanabhattacharji-Strong-Gravitational-Lens-Finding-Challenge\Real Data pipeline\data\raw\probable\probable_0146.jpg,1,probable_lens,1,35.407572428385414,19.13173268225477,60.12906273620559,32.48259548611111,1.8511162665803376,1,,0.9679403,1
probable_0147,D:\MSc Data and Computational Science\Gravitational Lensing\Gravitational_Lensing_Project\projects-ahana-vaishnav-ahanabhattacharji-Strong-Gravitational-Lens-Finding-Challenge\Real Data pipeline\data\raw\probable\probable_0147.jpg,1,probable_lens,1,36.89628092447917,19.55927221032633,52.59939531368103,34.51844618055556,1.52380537393671,1,,0.9975539,1
probable_0148,D:\MSc Data and Computational Science\Gravitational Lensing\Gravitational_Lensing_Project\projects-ahana-vaishnav-ahanabhattacharji-Strong-Gravitational-Lens-Finding-Challenge\Real Data pipeline\data\raw\probable\probable_0148.jpg,1,probable_lens,1,34.94415283203125,15.630054976271763,47.743008314436885,33.64635416666667,1.4189652364406986,1,,0.9843194,1
probable_0149,D:\MSc Data and Computational Science\Gravitational Lensing\Gravitational_Lensing_Project\projects-ahana-vaishnav-ahanabhattacharji-Strong-Gravitational-Lens-Finding-Challenge\Real Data pipeline\data\raw\probable\probable_0149.jpg,1,probable_lens,1,38.26517740885416,21.718161561672684,59.34467120181406,33.73203125,1.7592972389564243,1,,0.62232894,1
probable_0150,D:\MSc Data and Computational Science\Gravitational Lensing\Gravitational_Lensing_Project\projects-ahana-vaishnav-ahanabhattacharji-Strong-Gravitational-Lens-Finding-Challenge\Real Data pipeline\data\raw\probable\probable_0150.jpg,1,probable_lens,1,34.629130045572914,15.712388703334184,49.12944066515495,33.1375,1.482593411771001,1,,0.96623826,1
probable_0152,D:\MSc Data and Computational Science\Gravitational Lensing\Gravitational_Lensing_Project\projects-ahana-vaishnav-ahanabhattacharji-Strong-Gravitational-Lens-Finding-Challenge\Real Data pipeline\data\raw\probable\probable_0152.jpg,1,probable_lens,1,35.018575032552086,16.325835939648602,50.50869236583522,33.14986979166667,1.5236467340479736,1,,0.96471703,1
probable_0153,D:\MSc Data and Computational Science\Gravitational Lensing\Gravitational_Lensing_Project\projects-ahana-vaishnav-ahanabhattacharji-Strong-Gravitational-Lens-Finding-Challenge\Real Data pipeline\data\raw\probable\probable_0153.jpg,1,probable_lens,1,43.57700602213541,25.039420634223045,47.30083144368859,38.83402777777778,1.2180253487054071,1,,0.99790263,1
probable_0154,D:\MSc Data and Computational Science\Gravitational Lensing\Gravitational_Lensing_Project\projects-ahana-vaishnav-ahanabhattacharji-Strong-Gravitational-Lens-Finding-Challenge\Real Data pipeline\data\raw\probable\probable_0154.jpg,1,probable_lens,1,37.97310384114584,13.804834466828453,41.40551776266062,37.525477430555554,1.1033974647194826,1,,0.93666315,1
probable_0155,D:\MSc Data and Computational Science\Gravitational Lensing\Gravitational_Lensing_Project\projects-ahana-vaishnav-ahanabhattacharji-Strong-Gravitational-Lens-Finding-Challenge\Real Data pipeline\data\raw\probable\probable_0155.jpg,1,probable_lens,1,41.95745849609375,25.870601181406133,62.790627362055936,38.83190104166667,1.6169856242087122,1,,0.8592745,1
probable_0156,D:\MSc Data and Computational Science\Gravitational Lensing\Gravitational_Lensing_Project\projects-ahana-vaishnav-ahanabhattacharji-Strong-Gravitational-Lens-Finding-Challenge\Real Data pipeline\data\raw\probable\probable_0156.jpg,1,probable_lens,1,37.00048828125,17.321965713534137,49.82974300831444,34.60412326388889,1.4399943379094335,1,,0.9907765,1
probable_0160,D:\MSc Data and Computational Science\Gravitational Lensing\Gravitational_Lensing_Project\projects-ahana-vaishnav-ahanabhattacharji-Strong-Gravitational-Lens-Finding-Challenge\Real Data pipeline\data\raw\probable\probable_0160.jpg,1,probable_lens,1,38.327372233072914,22.36919226984129,53.04572940287226,38.13420138888889,1.39102763608157,1,,0.9968997,1
probable_0161,D:\MSc Data and Computational Science\Gravitational Lensing\Gravitational_Lensing_Project\projects-ahana-vaishnav-ahanabhattacharji-Strong-Gravitational-Lens-Finding-Challenge\Real Data pipeline\data\raw\probable\probable_0161.jpg,1,probable_lens,1,36.560546875,20.917552984945708,48.30933484504913,34.23572048611111,1.4110797946714069,1,,0.9957736,1
probable_0162,D:\MSc Data and Computational Science\Gravitational Lensing\Gravitational_Lensing_Project\projects-ahana-vaishnav-ahanabhattacharji-Strong-Gravitational-Lens-Finding-Challenge\Real Data pipeline\data\raw\probable\probable_0162.jpg,1,probable_lens,1,37.51112874348959,17.878732806411296,54.89474678760393,34.53485243055555,1.5895462506591809,1,,0.99541867,1
probable_0163,D:\MSc Data and Computational Science\Gravitational Lensing\Gravitational_Lensing_Project\projects-ahana-vaishnav-ahanabhattacharji-Strong-Gravitational-Lens-Finding-Challenge\Real Data pipeline\data\raw\probable\probable_0163.jpg,1,probable_lens,1,43.99997965494792,27.135202859234823,77.27059712773999,37.10295138888889,2.082599689583732,1,,0.99912304,1
probable_0164,D:\MSc Data and Computational Science\Gravitational Lensing\Gravitational_Lensing_Project\projects-ahana-vaishnav-ahanabhattacharji-Strong-Gravitational-Lens-Finding-Challenge\Real Data pipeline\data\raw\probable\probable_0164.jpg,1,probable_lens,1,36.25712076822917,17.51419306082937,37.75585789871504,35.43307291666667,1.0655541200718637,1,,0.99198455,1
probable_0165,D:\MSc Data and Computational Science\Gravitational Lensing\Gravitational_Lensing_Project\projects-ahana-vaishnav-ahanabhattacharji-Strong-Gravitational-Lens-Finding-Challenge\Real Data pipeline\data\raw\probable\probable_0165.jpg,1,probable_lens,1,36.65521240234375,18.689041470587124,48.59769463340892,35.01701388888889,1.3878308812904914,1,,0.9955598,1
probable_0166,D:\MSc Data and Computational Science\Gravitational Lensing\Gravitational_Lensing_Project\projects-ahana-vaishnav-ahanabhattacharji-Strong-Gravitational-Lens-Finding-Challenge\Real Data pipeline\data\raw\probable\probable_0166.jpg,1,probable_lens,1,36.15574137369792,19.358089057930773,45.121315192743765,35.030034722222226,1.2880750550910764,1,,0.9939044,1
probable_0167,D:\MSc Data and Computational Science\Gravitational Lensing\Gravitational_Lensing_Project\projects-ahana-vaishnav-ahanabhattacharji-Strong-Gravitational-Lens-Finding-Challenge\Real Data pipeline\data\raw\probable\probable_0167.jpg,1,probable_lens,1,35.589274088541664,17.24476154213005,34.133219954648524,35.22838541666667,0.9689123864753564,1,,0.9913959,1
probable_0169,D:\MSc Data and Computational Science\Gravitational Lensing\Gravitational_Lensing_Project\projects-ahana-vaishnav-ahanabhattacharji-Strong-Gravitational-Lens-Finding-Challenge\Real Data pipeline\data\raw\probable\probable_0169.jpg,1,probable_lens,1,42.78855387369792,25.364532843628638,73.17781557067272,39.267230902777776,1.863584776025328,1,,0.9946931,1
probable_0170,D:\MSc Data and Computational Science\Gravitational Lensing\Gravitational_Lensing_Project\projects-ahana-vaishnav-ahanabhattacharji-Strong-Gravitational-Lens-Finding-Challenge\Real Data pipeline\data\raw\probable\probable_0170.jpg,1,probable_lens,1,43.71368408203125,26.823977910369727,62.69009826152684,40.53997395833333,1.546377330670757,1,,0.9993037,1
probable_0174,D:\MSc Data and Computational Science\Gravitational Lensing\Gravitational_Lensing_Project\projects-ahana-vaishnav-ahanabhattacharji-Strong-Gravitational-Lens-Finding-Challenge\Real Data pipeline\data\raw\probable\probable_0174.jpg,1,probable_lens,1,35.841695149739586,18.1607603573026,44.69614512471655,36.16501736111111,1.2358944402688072,1,,0.9980422,1
probable_0175,D:\MSc Data and Computational Science\Gravitational Lensing\Gravitational_Lensing_Project\projects-ahana-vaishnav-ahanabhattacharji-Strong-Gravitational-Lens-Finding-Challenge\Real Data pipeline\data\raw\probable\probable_0175.jpg,1,probable_lens,1,40.9119873046875,26.84154563591372,55.002456538170826,36.48502604166666,1.507535035546414,1,,0.7424387,1
probable_0176,D:\MSc Data and Computational Science\Gravitational Lensing\Gravitational_Lensing_Project\projects-ahana-vaishnav-ahanabhattacharji-Strong-Gravitational-Lens-Finding-Challenge\Real Data pipeline\data\raw\probable\probable_0176.jpg,1,probable_lens,1,39.829121907552086,24.77631530037748,79.27059712773999,34.79926215277778,2.2779389546187097,1,,0.99845636,1
probable_0178,D:\MSc Data and Computational Science\Gravitational Lensing\Gravitational_Lensing_Project\projects-ahana-vaishnav-ahanabhattacharji-Strong-Gravitational-Lens-Finding-Challenge\Real Data pipeline\data\raw\probable\probable_0178.jpg,1,probable_lens,1,40.1365966796875,23.18635796841077,48.46844293272865,39.65733506944444,1.222181007011035,1,,0.9977818,1
probable_0179,D:\MSc Data and Computational Science\Gravitational Lensing\Gravitational_Lensing_Project\projects-ahana-vaishnav-ahanabhattacharji-Strong-Gravitational-Lens-Finding-Challenge\Real Data pipeline\data\raw\probable\probable_0179.jpg,1,probable_lens,1,47.369140625,32.662186808495186,82.33427815570673,39.90186631944445,2.063419175262124,1,,0.7057791,1
probable_0180,D:\MSc Data and Computational Science\Gravitational Lensing\Gravitational_Lensing_Project\projects-ahana-vaishnav-ahanabhattacharji-Strong-Gravitational-Lens-Finding-Challenge\Real Data pipeline\data\raw\probable\probable_0180.jpg,1,probable_lens,1,36.84696451822917,18.452495924873283,38.83427815570673,36.49214409722222,1.064181841112508,1,,0.99361897,1
probable_0181,D:\MSc Data and Computational Science\Gravitational Lensing\Gravitational_Lensing_Project\projects-ahana-vaishnav-ahanabhattacharji-Strong-Gravitational-Lens-Finding-Challenge\Real Data pipeline\data\raw\probable\probable_0181.jpg,1,probable_lens,1,37.20747884114584,24.56466181494384,58.49092970521542,34.937152777777776,1.6741755804509562,1,,0.8636464,1
probable_0182,D:\MSc Data and Computational Science\Gravitational Lensing\Gravitational_Lensing_Project\projects-ahana-vaishnav-ahanabhattacharji-Strong-Gravitational-Lens-Finding-Challenge\Real Data pipeline\data\raw\probable\probable_0182.jpg,1,probable_lens,1,38.85888671875,22.418852891518387,46.72033257747543,37.83923611111111,1.234705986283124,1,,0.99727637,1
probable_0183,D:\MSc Data and Computational Science\Gravitational Lensing\Gravitational_Lensing_Project\projects-ahana-vaishnav-ahanabhattacharji-Strong-Gravitational-Lens-Finding-Challenge\Real Data pipeline\data\raw\probable\probable_0183.jpg,1,probable_lens,1,35.99249267578125,15.764437871996291,40.807067271352985,36.67573784722222,1.1126447224782676,1,,0.99323094,1
probable_0184,D:\MSc Data and Computational Science\Gravitational Lensing\Gravitational_Lensing_Project\projects-ahana-vaishnav-ahanabhattacharji-Strong-Gravitational-Lens-Finding-Challenge\Real Data pipeline\data\raw\probable\probable_0184.jpg,1,probable_lens,1,37.70284016927084,21.660331394651998,53.38473167044596,35.27282986111111,1.5134802159954652,1,,0.9869631,1
probable_0187,D:\MSc Data and Computational Science\Gravitational Lensing\Gravitational_Lensing_Project\projects-ahana-vaishnav-ahanabhattacharji-Strong-Gravitational-Lens-Finding-Challenge\Real Data pipeline\data\raw\probable\probable_0187.jpg,1,probable_lens,1,41.833272298177086,20.34167909530611,56.98167044595616,38.06779513888889,1.4968471050454493,1,,0.9996132,1
probable_0188,D:\MSc Data and Computational Science\Gravitational Lensing\Gravitational_Lensing_Project\projects-ahana-vaishnav-ahanabhattacharji-Strong-Gravitational-Lens-Finding-Challenge\Real Data pipeline\data\raw\probable\probable_0188.jpg,1,probable_lens,1,39.05810546875,20.719628863444356,34.87698412698413,36.01219618055556,0.9684769843983756,1,,0.56773096,1
probable_0189,D:\MSc Data and Computational Science\Gravitational Lensing\Gravitational_Lensing_Project\projects-ahana-vaishnav-ahanabhattacharji-Strong-Gravitational-Lens-Finding-Challenge\Real Data pipeline\data\raw\probable\probable_0189.jpg,1,probable_lens,1,33.8748779296875,14.586184035412296,40.77305366591081,32.97877604166667,1.236342197116544,1,,0.9918045,1
probable_0191,D:\MSc Data and Computational Science\Gravitational Lensing\Gravitational_Lensing_Project\projects-ahana-vaishnav-ahanabhattacharji-Strong-Gravitational-Lens-Finding-Challenge\Real Data pipeline\data\raw\probable\probable_0191.jpg,1,probable_lens,1,50.541524251302086,32.209690737870524,108.031179138322,39.42912326388889,2.7398827936247674,1,,0.9983866,1
probable_0192,D:\MSc Data and Computational Science\Gravitational Lensing\Gravitational_Lensing_Project\projects-ahana-vaishnav-ahanabhattacharji-Strong-Gravitational-Lens-Finding-Challenge\Real Data pipeline\data\raw\probable\probable_0192.jpg,1,probable_lens,1,48.527608235677086,30.139632908096303,91.78061224489797,37.80130208333333,2.4279748251685063,1,,0.99830854,1
probable_0193,D:\MSc Data and Computational Science\Gravitational Lensing\Gravitational_Lensing_Project\projects-ahana-vaishnav-ahanabhattacharji-Strong-Gravitational-Lens-Finding-Challenge\Real Data pipeline\data\raw\probable\probable_0193.jpg,1,probable_lens,1,41.83024088541666,25.883275684567604,50.11715797430083,38.775303819444446,1.2925019727805944,1,,0.9990798,1
probable_0194,D:\MSc Data and Computational Science\Gravitational Lensing\Gravitational_Lensing_Project\projects-ahana-vaishnav-ahanabhattacharji-Strong-Gravitational-Lens-Finding-Challenge\Real Data pipeline\data\raw\probable\probable_0194.jpg,1,probable_lens,1,36.66455078125,16.904615164525413,42.90041572184429,35.79253472222222,1.1985855390292748,1,,0.99785405,1
probable_0195,D:\MSc Data and Computational Science\Gravitational Lensing\Gravitational_Lensing_Project\projects-ahana-vaishnav-ahanabhattacharji-Strong-Gravitational-Lens-Finding-Challenge\Real Data pipeline\data\raw\probable\probable_0195.jpg,1,probable_lens,1,35.094462076822914,15.822661484934308,43.67025699168556,34.54548611111111,1.26413782649021,1,,0.995924,1
probable_0196,D:\MSc Data and Computational Science\Gravitational Lensing\Gravitational_Lensing_Project\projects-ahana-vaishnav-ahanabhattacharji-Strong-Gravitational-Lens-Finding-Challenge\Real Data pipeline\data\raw\probable\probable_0196.jpg,1,probable_lens,1,41.1787109375,23.831420623838124,70.57860922146637,35.65607638888889,1.979427194183172,1,,0.9489272,1
probable_0197,D:\MSc Data and Computational Science\Gravitational Lensing\Gravitational_Lensing_Project\projects-ahana-vaishnav-ahanabhattacharji-Strong-Gravitational-Lens-Finding-Challenge\Real Data pipeline\data\raw\probable\probable_0197.jpg,1,probable_lens,1,33.318949381510414,12.622470377622646,35.43008314436886,32.930078125,1.0759185548834862,1,,0.9868377,1
probable_0198,D:\MSc Data and Computational Science\Gravitational Lensing\Gravitational_Lensing_Project\projects-ahana-vaishnav-ahanabhattacharji-Strong-Gravitational-Lens-Finding-Challenge\Real Data pipeline\data\raw\probable\probable_0198.jpg,1,probable_lens,1,34.76800537109375,15.8651862077797,42.35714285714285,34.164149305555554,1.2398125660469013,1,,0.97108036,1
probable_0199,D:\MSc Data and Computational Science\Gravitational Lensing\Gravitational_Lensing_Project\projects-ahana-vaishnav-ahanabhattacharji-Strong-Gravitational-Lens-Finding-Challenge\Real Data pipeline\data\raw\probable\probable_0199.jpg,1,probable_lens,1,91.25449625651042,74.9924168131314,85.0071806500378,75.25455729166667,1.129595104665588,1,,0.056343902,0
probable_0200,D:\MSc Data and Computational Science\Gravitational Lensing\Gravitational_Lensing_Project\projects-ahana-vaishnav-ahanabhattacharji-Strong-Gravitational-Lens-Finding-Challenge\Real Data pipeline\data\raw\probable\probable_0200.jpg,1,probable_lens,1,44.91166178385416,23.557734322822142,63.552532123960695,39.81788194444445,1.5960801384802858,1,,0.99923813,1
probable_0201,D:\MSc Data and Computational Science\Gravitational Lensing\Gravitational_Lensing_Project\projects-ahana-vaishnav-ahanabhattacharji-Strong-Gravitational-Lens-Finding-Challenge\Real Data pipeline\data\raw\probable\probable_0201.jpg,1,probable_lens,1,57.438090006510414,43.627832967101526,68.52248677248677,49.131076388888886,1.39468724103297,1,,0.4485924,1
probable_0203,D:\MSc Data and Computational Science\Gravitational Lensing\Gravitational_Lensing_Project\projects-ahana-vaishnav-ahanabhattacharji-Strong-Gravitational-Lens-Finding-Challenge\Real Data pipeline\data\raw\probable\probable_0203.jpg,1,probable_lens,1,41.34281412760416,26.82480079672188,86.1984126984127,35.66605902777778,2.4168190327521133,1,,0.98986185,1
probable_0204,D:\MSc Data and Computational Science\Gravitational Lensing\Gravitational_Lensing_Project\projects-ahana-vaishnav-ahanabhattacharji-Strong-Gravitational-Lens-Finding-Challenge\Real Data pipeline\data\raw\probable\probable_0204.jpg,1,probable_lens,1,38.76265462239584,20.359482488456617,60.65117157974301,39.330164930555554,1.5421031196978296,1,,0.9974075,1
probable_0205,D:\MSc Data and Computational Science\Gravitational Lensing\Gravitational_Lensing_Project\projects-ahana-vaishnav-ahanabhattacharji-Strong-Gravitational-Lens-Finding-Challenge\Real Data pipeline\data\raw\probable\probable_0205.jpg,1,probable_lens,1,34.521952311197914,14.82571705719813,41.005102040816325,33.26610243055556,1.2326391675663568,1,,0.9942531,1
probable_0206,D:\MSc Data and Computational Science\Gravitational Lensing\Gravitational_Lensing_Project\projects-ahana-vaishnav-ahanabhattacharji-Strong-Gravitational-Lens-Finding-Challenge\Real Data pipeline\data\raw\probable\probable_0206.jpg,1,probable_lens,1,34.542012532552086,13.810515243873969,42.84769463340892,34.64214409722222,1.2368660922456751,1,,0.9922655,1
probable_0207,D:\MSc Data and Computational Science\Gravitational Lensing\Gravitational_Lensing_Project\projects-ahana-vaishnav-ahanabhattacharji-Strong-Gravitational-Lens-Finding-Challenge\Real Data pipeline\data\raw\probable\probable_0207.jpg,1,probable_lens,1,35.141764322916664,13.834382548814975,45.86696900982615,33.666232638888886,1.3624027416254794,1,,0.9931617,1
probable_0208,D:\MSc Data and Computational Science\Gravitational Lensing\Gravitational_Lensing_Project\projects-ahana-vaishnav-ahanabhattacharji-Strong-Gravitational-Lens-Finding-Challenge\Real Data pipeline\data\raw\probable\probable_0208.jpg,1,probable_lens,1,38.4544677734375,23.585853439729647,74.98167044595615,31.93454861111111,2.34797958195933,1,,0.42562425,1
probable_0209,D:\MSc Data and Computational Science\Gravitational Lensing\Gravitational_Lensing_Project\projects-ahana-vaishnav-ahanabhattacharji-Strong-Gravitational-Lens-Finding-Challenge\Real Data pipeline\data\raw\probable\probable_0209.jpg,1,probable_lens,1,36.306722005208336,13.965103879460589,47.57218442932729,35.08025173611111,1.356095829388286,1,,0.9788503,1
probable_0211,D:\MSc Data and Computational Science\Gravitational Lensing\Gravitational_Lensing_Project\projects-ahana-vaishnav-ahanabhattacharji-Strong-Gravitational-Lens-Finding-Challenge\Real Data pipeline\data\raw\probable\probable_0211.jpg,1,probable_lens,1,38.148518880208336,22.99874468141397,44.00170068027211,37.51037326388889,1.1730541628488202,1,,0.9974233,1
probable_0212,D:\MSc Data and Computational Science\Gravitational Lensing\Gravitational_Lensing_Project\projects-ahana-vaishnav-ahanabhattacharji-Strong-Gravitational-Lens-Finding-Challenge\Real Data pipeline\data\raw\probable\probable_0212.jpg,1,probable_lens,1,32.2724609375,12.788841536160175,33.289493575207864,31.684201388888887,1.0506653494576188,1,,0.99344134,1
probable_0214,D:\MSc Data and Computational Science\Gravitational Lensing\Gravitational_Lensing_Project\projects-ahana-vaishnav-ahanabhattacharji-Strong-Gravitational-Lens-Finding-Challenge\Real Data pipeline\data\raw\probable\probable_0214.jpg,1,probable_lens,1,34.37750244140625,14.837152071328308,34.41383219954648,33.75030381944445,1.0196598929595375,1,,0.9750855,1
probable_0215,D:\MSc Data and Computational Science\Gravitational Lensing\Gravitational_Lensing_Project\projects-ahana-vaishnav-ahanabhattacharji-Strong-Gravitational-Lens-Finding-Challenge\Real Data pipeline\data\raw\probable\probable_0215.jpg,1,probable_lens,1,39.020121256510414,19.670722379480868,52.10166288737717,35.767361111111114,1.4566817291564205,1,,0.99952567,1
probable_0216,D:\MSc Data and Computational Science\Gravitational Lensing\Gravitational_Lensing_Project\projects-ahana-vaishnav-ahanabhattacharji-Strong-Gravitational-Lens-Finding-Challenge\Real Data pipeline\data\raw\probable\probable_0216.jpg,1,probable_lens,1,36.260091145833336,21.199411767820077,40.32785336356765,40.79587673611111,0.9885276552800044,1,,0.99509686,1
probable_0217,D:\MSc Data and Computational Science\Gravitational Lensing\Gravitational_Lensing_Project\projects-ahana-vaishnav-ahanabhattacharji-Strong-Gravitational-Lens-Finding-Challenge\Real Data pipeline\data\raw\probable\probable_0217.jpg,1,probable_lens,1,35.22747802734375,13.45146104947583,36.02588813303099,35.93624131944444,1.002494579505271,1,,0.9920546,1
probable_0218,D:\MSc Data and Computational Science\Gravitational Lensing\Gravitational_Lensing_Project\projects-ahana-vaishnav-ahanabhattacharji-Strong-Gravitational-Lens-Finding-Challenge\Real Data pipeline\data\raw\probable\probable_0218.jpg,1,probable_lens,1,39.33042399088541,23.02954617947,60.73677248677249,36.36354166666667,1.670265547103803,1,,0.97027415,1
probable_0220,D:\MSc Data and Computational Science\Gravitational Lensing\Gravitational_Lensing_Project\projects-ahana-vaishnav-ahanabhattacharji-Strong-Gravitational-Lens-Finding-Challenge\Real Data pipeline\data\raw\probable\probable_0220.jpg,1,probable_lens,1,43.28375244140625,24.64922431089504,59.452947845804985,40.0078125,1.486033418092318,1,,0.8974802,1
probable_0221,D:\MSc Data and Computational Science\Gravitational Lensing\Gravitational_Lensing_Project\projects-ahana-vaishnav-ahanabhattacharji-Strong-Gravitational-Lens-Finding-Challenge\Real Data pipeline\data\raw\probable\probable_0221.jpg,1,probable_lens,1,37.57135009765625,20.45623910713688,51.96560846560847,38.70056423611111,1.3427609686982007,1,,0.990022,1
probable_0223,D:\MSc Data and Computational Science\Gravitational Lensing\Gravitational_Lensing_Project\projects-ahana-vaishnav-ahanabhattacharji-Strong-Gravitational-Lens-Finding-Challenge\Real Data pipeline\data\raw\probable\probable_0223.jpg,1,probable_lens,1,42.0341796875,27.1637208098106,81.16893424036282,34.684505208333334,2.340207288892038,1,,0.99972504,1
probable_0224,D:\MSc Data and Computational Science\Gravitational Lensing\Gravitational_Lensing_Project\projects-ahana-vaishnav-ahanabhattacharji-Strong-Gravitational-Lens-Finding-Challenge\Real Data pipeline\data\raw\probable\probable_0224.jpg,1,probable_lens,1,101.47898356119792,54.91182234673612,111.07577475434618,86.27395833333334,1.2874774220710914,1,,0.99976355,1
probable_0225,D:\MSc Data and Computational Science\Gravitational Lensing\Gravitational_Lensing_Project\projects-ahana-vaishnav-ahanabhattacharji-Strong-Gravitational-Lens-Finding-Challenge\Real Data pipeline\data\raw\probable\probable_0225.jpg,1,probable_lens,1,38.77469889322917,22.37331096301453,45.013416477702194,42.09375,1.069361019351832,1,,0.9936173,1
probable_0226,D:\MSc Data and Computational Science\Gravitational Lensing\Gravitational_Lensing_Project\projects-ahana-vaishnav-ahanabhattacharji-Strong-Gravitational-Lens-Finding-Challenge\Real Data pipeline\data\raw\probable\probable_0226.jpg,1,probable_lens,1,137.46240234375,38.51233783078205,147.41798941798942,127.21184895833332,1.1588385002362152,1,,0.005043308,0
probable_0230,D:\MSc Data and Computational Science\Gravitational Lensing\Gravitational_Lensing_Project\projects-ahana-vaishnav-ahanabhattacharji-Strong-Gravitational-Lens-Finding-Challenge\Real Data pipeline\data\raw\probable\probable_0230.jpg,1,probable_lens,1,41.93656412760416,22.270798104711524,42.09731670445956,40.721744791666666,1.0337797627790897,1,,0.99991035,1
probable_0231,D:\MSc Data and Computational Science\Gravitational Lensing\Gravitational_Lensing_Project\projects-ahana-vaishnav-ahanabhattacharji-Strong-Gravitational-Lens-Finding-Challenge\Real Data pipeline\data\raw\probable\probable_0231.jpg,1,probable_lens,1,36.41489664713541,21.67339107734937,40.39417989417989,40.63754340277778,0.9940113382298452,1,,0.9985145,1
probable_0232,D:\MSc Data and Computational Science\Gravitational Lensing\Gravitational_Lensing_Project\projects-ahana-vaishnav-ahanabhattacharji-Strong-Gravitational-Lens-Finding-Challenge\Real Data pipeline\data\raw\probable\probable_0232.jpg,1,probable_lens,1,33.75872802734375,12.67792620019356,33.75377928949357,33.45299479166667,1.0089912275629984,1,,0.992088,1
probable_0233,D:\MSc Data and Computational Science\Gravitational Lensing\Gravitational_Lensing_Project\projects-ahana-vaishnav-ahanabhattacharji-Strong-Gravitational-Lens-Finding-Challenge\Real Data pipeline\data\raw\probable\probable_0233.jpg,1,probable_lens,1,37.624267578125,22.9773036145922,36.91024187452759,37.09375,0.9950528291012573,1,,0.9956071,1
probable_0234,D:\MSc Data and Computational Science\Gravitational Lensing\Gravitational_Lensing_Project\projects-ahana-vaishnav-ahanabhattacharji-Strong-Gravitational-Lens-Finding-Challenge\Real Data pipeline\data\raw\probable\probable_0234.jpg,1,probable_lens,1,45.15183512369792,29.41034479274741,41.27532123960695,43.27825520833333,0.9537196009218896,1,,0.9877416,1
probable_0235,D:\MSc Data and Computational Science\Gravitational Lensing\Gravitational_Lensing_Project\projects-ahana-vaishnav-ahanabhattacharji-Strong-Gravitational-Lens-Finding-Challenge\Real Data pipeline\data\raw\probable\probable_0235.jpg,1,probable_lens,1,42.625,24.06928594113556,85.13189720332578,36.387065972222224,2.339619658498862,1,,0.9758162,1
probable_0236,D:\MSc Data and Computational Science\Gravitational Lensing\Gravitational_Lensing_Project\projects-ahana-vaishnav-ahanabhattacharji-Strong-Gravitational-Lens-Finding-Challenge\Real Data pipeline\data\raw\probable\probable_0236.jpg,1,probable_lens,1,40.95829264322917,28.40477401650439,53.57161753590325,38.88550347222223,1.377675775665249,1,,0.9262427,1
probable_0239,D:\MSc Data and Computational Science\Gravitational Lensing\Gravitational_Lensing_Project\projects-ahana-vaishnav-ahanabhattacharji-Strong-Gravitational-Lens-Finding-Challenge\Real Data pipeline\data\raw\probable\probable_0239.jpg,1,probable_lens,1,43.678365071614586,25.18651302791624,57.156462585034014,38.34175347222222,1.4907106722631236,1,,0.9992162,1
probable_0240,D:\MSc Data and Computational Science\Gravitational Lensing\Gravitational_Lensing_Project\projects-ahana-vaishnav-ahanabhattacharji-Strong-Gravitational-Lens-Finding-Challenge\Real Data pipeline\data\raw\probable\probable_0240.jpg,1,probable_lens,1,37.11199951171875,20.564622426146016,53.59240362811792,36.15868055555556,1.4821448493849685,1,,0.9966247,1
probable_0241,D:\MSc Data and Computational Science\Gravitational Lensing\Gravitational_Lensing_Project\projects-ahana-vaishnav-ahanabhattacharji-Strong-Gravitational-Lens-Finding-Challenge\Real Data pipeline\data\raw\probable\probable_0241.jpg,1,probable_lens,1,41.112325032552086,24.135096982647525,67.3212396069539,33.356770833333336,2.018218068082954,1,,0.9829002,1
probable_0242,D:\MSc Data and Computational Science\Gravitational Lensing\Gravitational_Lensing_Project\projects-ahana-vaishnav-ahanabhattacharji-Strong-Gravitational-Lens-Finding-Challenge\Real Data pipeline\data\raw\probable\probable_0242.jpg,1,probable_lens,1,34.177510579427086,15.429399535943205,33.8682917611489,34.157552083333336,0.9915315560959906,1,,0.9945585,1
probable_0243,D:\MSc Data and Computational Science\Gravitational Lensing\Gravitational_Lensing_Project\projects-ahana-vaishnav-ahanabhattacharji-Strong-Gravitational-Lens-Finding-Challenge\Real Data pipeline\data\raw\probable\probable_0243.jpg,1,probable_lens,1,34.587890625,15.96750539967211,50.162131519274375,32.55577256944444,1.5408060082576125,1,,0.9966564,1
probable_0244,D:\MSc Data and Computational Science\Gravitational Lensing\Gravitational_Lensing_Project\projects-ahana-vaishnav-ahanabhattacharji-Strong-Gravitational-Lens-Finding-Challenge\Real Data pipeline\data\raw\probable\probable_0244.jpg,1,probable_lens,1,40.52848307291666,24.980152490870854,42.07464096749811,39.49778645833333,1.0652404520603371,1,,0.9985677,1
probable_0245,D:\MSc Data and Computational Science\Gravitational Lensing\Gravitational_Lensing_Project\projects-ahana-vaishnav-ahanabhattacharji-Strong-Gravitational-Lens-Finding-Challenge\Real Data pipeline\data\raw\probable\probable_0245.jpg,1,probable_lens,1,36.5047607421875,17.441860084139787,55.82634164777022,33.18203125,1.6824268395366355,1,,0.9959984,1
probable_0246,D:\MSc Data and Computational Science\Gravitational Lensing\Gravitational_Lensing_Project\projects-ahana-vaishnav-ahanabhattacharji-Strong-Gravitational-Lens-Finding-Challenge\Real Data pipeline\data\raw\probable\probable_0246.jpg,1,probable_lens,1,33.364054361979164,12.092553514011517,42.04459561602419,32.253559027777776,1.3035644927199996,1,,0.97790146,1
probable_0247,D:\MSc Data and Computational Science\Gravitational Lensing\Gravitational_Lensing_Project\projects-ahana-vaishnav-ahanabhattacharji-Strong-Gravitational-Lens-Finding-Challenge\Real Data pipeline\data\raw\probable\probable_0247.jpg,1,probable_lens,1,37.46421305338541,19.46068871255197,54.01379440665155,34.437022569444444,1.5684803391248174,1,,0.9555071,1
probable_0249,D:\MSc Data and Computational Science\Gravitational Lensing\Gravitational_Lensing_Project\projects-ahana-vaishnav-ahanabhattacharji-Strong-Gravitational-Lens-Finding-Challenge\Real Data pipeline\data\raw\probable\probable_0249.jpg,1,probable_lens,1,36.03163655598959,16.019229653517275,59.95068027210884,33.42421875,1.79362991030206,1,,0.99159724,1
probable_0250,D:\MSc Data and Computational Science\Gravitational Lensing\Gravitational_Lensing_Project\projects-ahana-vaishnav-ahanabhattacharji-Strong-Gravitational-Lens-Finding-Challenge\Real Data pipeline\data\raw\probable\probable_0250.jpg,1,probable_lens,1,34.28741455078125,16.0628462229129,42.67838246409675,32.676996527777774,1.3060680507080582,1,,0.99463236,1
